{
  "psnr": [
    40.176,
    37.032,
    33.84,
    30.793,
    28.128
  ],
  "bpp": [
    1.343648,
    0.800214,
    0.438784,
    0.215017,
    0.09681
  ]
}